{"cameraMode":{"drawMode":0,"name":"Shaded","section":"Shading Mode"},"sceneLighting":false,"audioPlay":false,"sceneViewState":{"showFog":false,"showMaterialUpdate":false,"showSkybox":false,"showFlares":false,"showImageEffects":false,"showParticleSystems":false},"in2DMode":false,"pivot":{"x":-5.775634765625,"y":2.077394962310791,"z":191.12025451660157},"rotation":{"x":-0.014683719724416733,"y":-0.02909032069146633,"z":-0.00042742223013192415,"w":0.9994688630104065},"size":20.476028442382814,"orthographic":false}