{"cameraMode":{"drawMode":0,"name":"Shaded","section":"Shading Mode"},"sceneLighting":true,"audioPlay":false,"sceneViewState":{"showFog":true,"showMaterialUpdate":false,"showSkybox":true,"showFlares":true,"showImageEffects":true,"showParticleSystems":true},"in2DMode":false,"pivot":{"x":-2.1830267906188967,"y":1.6026067733764649,"z":1.0658740997314454},"rotation":{"x":-0.0754057765007019,"y":0.9066189527511597,"z":-0.18360202014446259,"w":-0.37235239148139956},"size":10.701119422912598,"orthographic":false}